row_index,mfg_part_num,part_desc,brand_e1,brand_unilog,brand_dib,part_manuf,placeholder_flags,coarse_category,is_dishwasher,classification_method
0,PF-1001,"1/2"" FIP x 3/8"" OD Compression Angle Stop",,,,Plumbing Parts Inc (PFINC),"{'brand_e1': True, 'brand_unilog': True, 'brand_dib': True, 'part_manuf': False}",Uncategorized,False,rule-based-fallback
1,PF-1002,"3/4"" Hose Bibb - Frost Free",,,,Plumbing Parts Inc (PFINC),"{'brand_e1': True, 'brand_unilog': True, 'brand_dib': True, 'part_manuf': False}",Uncategorized,False,rule-based-fallback
2,PF-1003,"1"" Brass Ball Valve - Full Port",,,,Valve Supply Co (VSC),"{'brand_e1': True, 'brand_unilog': True, 'brand_dib': True, 'part_manuf': False}",Plumbing,False,rule-based-fallback
3,PF-1004,"1/2"" CPVC Socket - Schedule 80",,,,Pipe Fittings Ltd (PFL),"{'brand_e1': True, 'brand_unilog': True, 'brand_dib': True, 'part_manuf': False}",Uncategorized,False,rule-based-fallback
4,PF-1005,"3/8"" x 1/2"" Reducing Coupling - Brass",,,,Valve Supply Co (VSC),"{'brand_e1': True, 'brand_unilog': True, 'brand_dib': True, 'part_manuf': False}",Plumbing,False,rule-based-fallback
5,PF-1006,"1-1/4"" ABS DWV Trap Adapter",,,,Pipe Fittings Ltd (PFL),"{'brand_e1': True, 'brand_unilog': True, 'brand_dib': True, 'part_manuf': False}",Uncategorized,False,rule-based-fallback
6,PF-1007,"1/2"" Copper Tube x Female Adapter - Lead Free",,,,Plumbing Parts Inc (PFINC),"{'brand_e1': True, 'brand_unilog': True, 'brand_dib': True, 'part_manuf': False}",Uncategorized,False,rule-based-fallback
7,PF-1008,"3/4"" PEX-A Expansion Sleeve - Brass",,,,Plumbing Parts Inc (PFINC),"{'brand_e1': True, 'brand_unilog': True, 'brand_dib': True, 'part_manuf': False}",Uncategorized,False,rule-based-fallback
8,PF-1009,"1/4"" NPT x 1/4"" OD Tube Fitting - 316SS",,,,Valve Supply Co (VSC),"{'brand_e1': True, 'brand_unilog': True, 'brand_dib': True, 'part_manuf': False}",Plumbing,False,rule-based-fallback
9,PF-1010,"1/2"" Chrome Escutcheon - Round",,,,Plumbing Parts Inc (PFINC),"{'brand_e1': True, 'brand_unilog': True, 'brand_dib': True, 'part_manuf': False}",Uncategorized,False,rule-based-fallback
10,FS-2001,"1/4""-20 x 1-1/2"" Hex Bolt - Grade 5 - Zinc",,,,Fastener Depot (FSTDP),"{'brand_e1': True, 'brand_unilog': True, 'brand_dib': True, 'part_manuf': False}",Fasteners,False,rule-based-fallback
11,FS-2002,"#10-24 x 1/2"" Phillips Pan Head Machine Screw - 18-8 SS",,,,Fastener Depot (FSTDP),"{'brand_e1': True, 'brand_unilog': True, 'brand_dib': True, 'part_manuf': False}",Fasteners,False,rule-based-fallback
12,FS-2003,"3/8""-16 x 3"" Hex Nut - Grade A - Zinc",,,,Fastener Depot (FSTDP),"{'brand_e1': True, 'brand_unilog': True, 'brand_dib': True, 'part_manuf': False}",Fasteners,False,rule-based-fallback
13,FS-2004,"1/2"" Flat Washer - SAE - Hardened",,,,Fastener Depot (FSTDP),"{'brand_e1': True, 'brand_unilog': True, 'brand_dib': True, 'part_manuf': False}",Appliances > Large Appliances > Other,False,rule-based-fallback
14,FS-2005,"5/16"" Rivet - Aluminum - Mandrel Break",,,,Rivet Supply (RIVSP),"{'brand_e1': True, 'brand_unilog': True, 'brand_dib': True, 'part_manuf': False}",Fasteners,False,rule-based-fallback
15,FS-2006,"1/4"" x 3/4"" Sleeve Anchor - Zinc",,,,Anchor World (ANCRW),"{'brand_e1': True, 'brand_unilog': True, 'brand_dib': True, 'part_manuf': False}",Fasteners,False,rule-based-fallback
16,FS-2007,M6 x 1.0 x 20mm Socket Head Cap Screw - 12.9,,,,Fastener Depot (FSTDP),"{'brand_e1': True, 'brand_unilog': True, 'brand_dib': True, 'part_manuf': False}",Fasteners,False,rule-based-fallback
17,FS-2008,"#6 x 3/4"" Self-Tapping Sheet Metal Screw - Phillips - Zinc",,,,Fastener Depot (FSTDP),"{'brand_e1': True, 'brand_unilog': True, 'brand_dib': True, 'part_manuf': False}",Fasteners,False,rule-based-fallback
18,FS-2009,"3/8"" x 2"" Concrete Wedge Anchor - 304SS",,,,Anchor World (ANCRW),"{'brand_e1': True, 'brand_unilog': True, 'brand_dib': True, 'part_manuf': False}",Fasteners,False,rule-based-fallback
19,FS-2010,"1/2"" Lock Washer - Split - Spring Steel",,,,Fastener Depot (FSTDP),"{'brand_e1': True, 'brand_unilog': True, 'brand_dib': True, 'part_manuf': False}",Appliances > Large Appliances > Other,False,rule-based-fallback
20,FS-2011,8mm x 30mm Dowel Pin - Hardened,,,,Fastener Depot (FSTDP),"{'brand_e1': True, 'brand_unilog': True, 'brand_dib': True, 'part_manuf': False}",Uncategorized,False,rule-based-fallback
21,FS-2012,"1/4""-20 Wing Nut - Zinc Plated",,,,Fastener Depot (FSTDP),"{'brand_e1': True, 'brand_unilog': True, 'brand_dib': True, 'part_manuf': False}",Fasteners,False,rule-based-fallback
22,FS-2013,"5/32"" x 1/2"" Cotter Pin - Steel - Zinc",,,,Fastener Depot (FSTDP),"{'brand_e1': True, 'brand_unilog': True, 'brand_dib': True, 'part_manuf': False}",Uncategorized,False,rule-based-fallback
23,FS-2014,M10 x 1.5 x 30mm Hex Bolt - Grade 8.8 - Zinc,,,,Fastener Depot (FSTDP),"{'brand_e1': True, 'brand_unilog': True, 'brand_dib': True, 'part_manuf': False}",Fasteners,False,rule-based-fallback
24,FS-2015,"#8-32 x 3/8"" Socket Set Screw - Cup Point - Alloy Steel",,,,Fastener Depot (FSTDP),"{'brand_e1': True, 'brand_unilog': True, 'brand_dib': True, 'part_manuf': False}",Fasteners,False,rule-based-fallback
25,FS-2016,"3/4"" x 6"" Anchor Bolt - Galvanized",,,,Anchor World (ANCRW),"{'brand_e1': True, 'brand_unilog': True, 'brand_dib': True, 'part_manuf': False}",Fasteners,False,rule-based-fallback
26,FS-2017,"1/2"" x 1-1/2"" Carriage Bolt - Grade 5 - Zinc",,,,Fastener Depot (FSTDP),"{'brand_e1': True, 'brand_unilog': True, 'brand_dib': True, 'part_manuf': False}",Fasteners,False,rule-based-fallback
27,FS-2018,M4 x 0.7 x 8mm Machine Screw - Pan Head - Phillips - 304SS,,,,Fastener Depot (FSTDP),"{'brand_e1': True, 'brand_unilog': True, 'brand_dib': True, 'part_manuf': False}",Fasteners,False,rule-based-fallback
28,FS-2019,"3/8"" Retaining Ring - External - Steel",,,,Fastener Depot (FSTDP),"{'brand_e1': True, 'brand_unilog': True, 'brand_dib': True, 'part_manuf': False}",Uncategorized,False,rule-based-fallback
29,FS-2020,"1/4"" x 1-1/2"" Lag Screw - Hex Head - Hot Dip Galvanized",,,,Fastener Depot (FSTDP),"{'brand_e1': True, 'brand_unilog': True, 'brand_dib': True, 'part_manuf': False}",Fasteners,False,rule-based-fallback
30,EL-3001,12/2 NM-B Romex - 250ft - Yellow,,,,Wire Supply Co (WIRSP),"{'brand_e1': True, 'brand_unilog': True, 'brand_dib': True, 'part_manuf': False}",Electrical,False,rule-based-fallback
31,EL-3002,"1/2"" Single Gang PVC Box - New Work - 18cu in",,,,Electrical Supply (ELSUP),"{'brand_e1': True, 'brand_unilog': True, 'brand_dib': True, 'part_manuf': False}",Uncategorized,False,rule-based-fallback
32,EL-3003,20A Single Pole Toggle Breaker - Plug-On Neutral - BR,,,,Electrical Supply (ELSUP),"{'brand_e1': True, 'brand_unilog': True, 'brand_dib': True, 'part_manuf': False}",Electrical,False,rule-based-fallback
33,EL-3004,"3/4"" Flexible Nonmetallic Conduit - 100ft - Grey",,,,Wire Supply Co (WIRSP),"{'brand_e1': True, 'brand_unilog': True, 'brand_dib': True, 'part_manuf': False}",Electrical,False,rule-based-fallback
34,EL-3005,1-Gang Screwless Wallplate - White - Thermoplastic,,,,Electrical Supply (ELSUP),"{'brand_e1': True, 'brand_unilog': True, 'brand_dib': True, 'part_manuf': False}",Uncategorized,False,rule-based-fallback
35,EL-3006,15A GFCI Duplex Receptacle - Slim - Ivory - Tamper Resistant,,,,Electrical Supply (ELSUP),"{'brand_e1': True, 'brand_unilog': True, 'brand_dib': True, 'part_manuf': False}",Electrical,False,rule-based-fallback
36,EL-3007,10/3 NM-B Romex - 125ft - Yellow,,,,Wire Supply Co (WIRSP),"{'brand_e1': True, 'brand_unilog': True, 'brand_dib': True, 'part_manuf': False}",Electrical,False,rule-based-fallback
37,EL-3008,"3/4"" EMT Connector - Set Screw - Zinc Die Cast",,,,Electrical Supply (ELSUP),"{'brand_e1': True, 'brand_unilog': True, 'brand_dib': True, 'part_manuf': False}",Fasteners,False,rule-based-fallback
38,EL-3009,"4"" Square Junction Box - Deep - 1-1/2"" Deep - Welded",,,,Electrical Supply (ELSUP),"{'brand_e1': True, 'brand_unilog': True, 'brand_dib': True, 'part_manuf': False}",Electrical,False,rule-based-fallback
39,EL-3010,20A 2-Pole Breaker - THQL - Plug-On,,,,Electrical Supply (ELSUP),"{'brand_e1': True, 'brand_unilog': True, 'brand_dib': True, 'part_manuf': False}",Electrical,False,rule-based-fallback
40,PL-4001,"1/2"" Shower Valve Trim Kit - Chrome - Single Handle",,,,Plumbing Supply (PLSUP),"{'brand_e1': True, 'brand_unilog': True, 'brand_dib': True, 'part_manuf': False}",Plumbing,False,rule-based-fallback
41,PL-4002,"3/4"" P-Trap - 20 Gauge - Chrome - Sink",,,,Plumbing Supply (PLSUP),"{'brand_e1': True, 'brand_unilog': True, 'brand_dib': True, 'part_manuf': False}",Plumbing,False,rule-based-fallback
42,PL-4003,"1-1/4"" Bathroom Sink Drain - Pop-Up - Brass - Chrome",,,,Plumbing Supply (PLSUP),"{'brand_e1': True, 'brand_unilog': True, 'brand_dib': True, 'part_manuf': False}",Plumbing,False,rule-based-fallback
43,PL-4004,"1/2"" x 3/8"" Compression x 1/2"" IPS Dual Outlet Valve - 1/4 Turn",,,,Plumbing Supply (PLSUP),"{'brand_e1': True, 'brand_unilog': True, 'brand_dib': True, 'part_manuf': False}",Plumbing,False,rule-based-fallback
44,PL-4005,"3/4"" Hose Clamp - Stainless Steel - Worm Drive",,,,Plumbing Supply (PLSUP),"{'brand_e1': True, 'brand_unilog': True, 'brand_dib': True, 'part_manuf': False}",Fasteners,False,rule-based-fallback
